Japanese,GoogleTranslation,English,ShouldPatch
ｼﾞｭﾉｰﾝ,Junon,Junon,1
ｺﾞﾝｺﾞｽ,Gongos,Gongos,1
ﾚｵﾝ,Leon,Leon,1
ﾚｲﾅｰﾄ,Late,Reinhart,1
ﾐｶﾂﾞｷ,Mikanoki,Mikhal,1
ﾃｨﾘｽ,Tirisu,Teiris,1
ｺﾞﾙﾀﾞｸ,Goldaku,Goldark,1
ｳｪｲﾝ,Wayne,Wein,1
新規,New,,1
更新,update,,1
複写,copy,,1
消去,erase,,1
終了,end,,1
待機させますか？,Do you want to wait?,,1
取消,Cancel,,1
決定,Decide,,1
退却,retreat,,1
情報,information,,1
出陣,Departure,,1
MEMORYCARD差込口２,MEMORYCARD outlet 2,MEMORYCARD SLOT 2,1
MEMORYCARD差込口１,MEMORYCARD outlet 1,MEMORYCARD SLOT 1,1
いいえ,No,,1
は  い,Yes,,1
城数%c%c,Number of Cities%c%c,Cities%c%c,1
勲章授与をやめる,Stop awarding medals,End Awards,1
日時%02d/%02d,DayTime%02d/%02d,,1
アイテム授与をやめる,Stop awarding items,End Items,1
装備をはずす,Remove equipment,Unequip,1
与をやめる,Stop Giving,,1
消,Erase,Erase,1
装,Outfit,Outfit,1
会見をやめる,Stop the press conference,End Audience,1
一覧表示をやめる,Stop displaying the list,End General Info,1
療養中,recovering,Recovering,1
捕虜,POW,Captive,1
君主,Monarch,Monarch,1
%-12s %-6s %-12s,% -12s% -6s% -12s,%-12s %-6s %-12s,0
地図に戻る,Return to map,Return to map,1
%-12s %-6s     %2d,% -12s% -6s% 2d,%-12s %-6s     %2d,0
%3d,% 3d,%3d,0
探索終了,End of search,End Search,1
築城終了,The construction of the castle is completed,End Fortify,1
終    了,end,End,1
全体を見る,See the whole,View All,1
ERROR : List_Select(:win),ERROR: List_Select (: win),,0
"SEL %3d/%3d, HEAD %3u","SEL% 3d /% 3d, HEAD% 3u",,0
"DMAX %3u, ENTRY %3u","DMAX% 3u, ENTRY% 3u",,0
"LIST[%3u] %3u, Sts %x","LIST [% 3u]% 3u, Sts% x",,0
Cnt %u chk %X,Cnt% u chk% X,,0
崩壊の宝物,Collapse treasure,,1
友情のコイン,Friendship coin,Faith Coin,1
勇気のコイン,Courage coin,Bravery Coin,1
誠実のコイン,Sincere coin,Honor Coin,1
アステアの像,Statue of Astea,Astea's Statue,1
ドラゴンの像,Dragon statue,Dragon Statue,1
獣戦士徽章,Beast Warrior Emblem,Savage Crest,1
怨霊徽章,Grief emblem,Spirit Crest,1
飛行徽章,Flight emblem,Flying Crest,1
僧兵徽章,Monk soldier emblem,Cleric Crest,1
侍徽章,Samurai emblem,Samurai Crest,1
魔導徽章,Magical emblem,Magic Crest,1
弓徽章,Bow emblem,Arrow Crest,1
騎士徽章,Knight emblem,Honor Crest,1
戦士徽章,Warrior emblem,Soldier Crest,1
竜騎士徽章,Dragoon emblem,Dragon Crest,1
アステアの心,Astea's heart,Astea's Herb,1
人徳の書,Book of human virtue,Virtuous Runes,1
古代の書,Ancient book,Ancient Runes,1
兵法の書,Book of military art,Strategy Runes,1
破滅の宝物,Treasure of ruin,Ruined Treasure,1
星の宝刀,Star treasure sword,Stargem Sword,1
月の杖,Moon wand,Moon Cane,1
太陽の腕環,Arm ring of the sun,Sun Bracelet,1
知恵の腕環,Arm ring of wisdom,Wisdom Armlet,1
賢者の腕輪,Sage's bracelet,Sage Bracelet,1
頭領の腕環,Arm ring of the head,Knowledge Armlet,1
ミストラル,Mistral,Mistral,1
テンペスト,Tempest,Tempest,1
ミラクルロッド,Miracle rod,Miracle Rod,1
ジュエルロッド,Jewel rod,Jeweled Rod,1
エメロード,Emerode,Emerald,1
野心の指輪,Ring of ambition,Ambition Ring,1
トゥールの指輪,Tour ring,True Ring,1
アステアの指輪,Astea Ring,Astea's Ring,1
女神の涙,Goddess tears,Goddess Tear,1
ドラゴンズアイ,Dragon's Eye,Dragon's Eye,1
軍神の守り,Guardian of the war god,Valhart's Charm,1
リフレクター,Reflector,Battle Armor,1
ゴッズアーマー,Gods Armor,Gauze Armor,1
将軍のヨロイ,Shogun Yoroi,Shogun Armor,1
身代わりの楯,Substitute shield,Sacrifice Shield,1
加護の楯,Shield of blessing,Divine Shield,1
星竜の宝杖,Star Dragon Treasure Wand,Star Dragon Cane,1
星竜の腕環,Star Dragon Arm Ring,Star Dragon Armlet,1
星竜の大剣,Star Dragon's Great Sword,Star Dragon Sword,1
プラズマクロー,Plasma claw,Wicked Claw,1
デスクロー,Desk low,Dark Claw,1
ビーストクロー,Beast claw,Beast Claw,1
マジックランス,Magic lance,Magical Lance,1
ルーンランス,Rune lance,Rune Lance,1
バトルスピア,Battle spear,Battle Spear,1
ジャベリン,Javelin,Javelin,1
大地の斧,Earth ax,Earth Axe,1
イグニスの斧,Ignis ax,Igneous Axe,1
雷鳴の斧,Thunder ax,Thunder Axe,1
魔神の斧,Genie Ax,Dark Axe,1
神威,Kamui,Kamui Blade,1
神月刀,God moon sword,Moon God Sword,1
妖刀　不知火,Shiranui,Kamui Blade,1
月光,moonlight,Moonbeam Sword,1
草凪,Kusanagi,Kusanagi Blade,1
村雨,Village rain,Phantom Sword,1
エクリクシス,Ecrixis,Eclisis,1
ガイアソード,Gaia Sword,Gaia Sword,1
サイコソード,Psycho sword,Psycho Sword,1
ソウルバスター,Soul Buster,Soul Buster,1
マルスギア,Mars Gear,Mars Blade,1
なし,none,None,1
アヤメ・マツリ,Ayame Matsuri,Ayame & Matsuri,1
ハーセルド,Herseld,Harseld,1
ルフス,Rufus,Rufas,1
ザック,Zack,Zakk,1
セルピア,Serpia,Sylphia,1
スティア,Steer,Fyffer,1
ログ,log,Rog,1
ヴォイド,Void,Voitt,1
ギィルテ,Guilte,Gilette,1
エナ,Ena,Enya,1
フェリーナ,Felina,Fern,1
クレイン,Klein,Kulien,1
ソウガ,Souga,Stegalt,1
リヴィオン,Revion,Livion,1
ガドル,Gaddle,Gator,1
バーラット,Barrat,Barat,1
サーバス,Servers,Slythis,1
ゼウタ,Zeuta,Zatai,1
バルナーク,Balnark,Narrak,1
スレイド,Slade,Slate,1
シュレイバ,Shreiba,Shadow,1
ワルデス,Waldes,Gekai,1
ライドー,Rideau,Raitt,1
ジン,gin,Hagar,1
イシュメール,Issuer,Ishtar,1
キルレイン,Kilrane,Kilrein,1
フォーリス,Foris,Farilis,1
アレイク,Arrayk,Alex,1
フィーナ,Fina,Fiina,1
メア,Mare,Mea,1
竜人,Ryujin,Ryujin,1
マドルク,Madruk,Madruk,1
ラムダ,lambda,Ramda,1
ニール,Neil,Neil,1
バラド,Balad,Barat,1
ルーベンス,Rubens,Ruix,1
マルチナ,Martina,Marina,1
マグラード,Maglad,Phylla,1
シェラサード,Sherasard,Saharzad,1
ヘルメス,Hermes,Paine,1
ゴルディアス,Gordias,Agonni,1
ギュント,Gunto,Grudar,1
アトキンス,Atkins,Atakin,1
どくろとう,Skull,Skull,1
パンタリオン,Pantalion,Bastion,1
グルーダー,Gluder,Gruder,1
ベルターナ,Bertana,Veltarna,1
ユリシス,Ulysses,Yuri,1
ゼノン,Zenon,Zanon,1
バニラ,vanilla,Varshyl,1
ニカルモ,Nikarmo,Nyvkall,1
パーシル,Persil,Piper,1
ライオーネ,Rione,Laine,1
ミレーヌ,Milene,Mileen,1
エリーヌ,Erine,Erin,1
ハガネ,Hagane,Hagane,1
ネルソン,Nelson,Nelson,1
セルジオ,Sergio,Viper,1
バグフィー,Bug fee,Bagril,1
アイーシャ,Aisha,Aisha,1
タイレル,Tyrell,Talon,1
サターナ,Satana,Santana,1
ギガ,Giga,Gigg,1
ジャロム,Jalom,Ardor,1
ウリル,Uril,Uryll,1
キッド,Kid,Kidd,1
ラムゼイ,Ramsey,Ramzal,1
ギゼルダーク,Giselle Dark,Gyzzdark,1
ノーマリィ,Normaly,Wriph,1
ミュリア,Muria,Myria,1
コハク,Amber,Kodiak,1
ダイン,Dyne,Dayn,1
サヤカ,Sayaka,Sayaka,1
ランセツ,Lansetsu,Sliver,1
クモン,Kumon,Kumonn,1
キョウエン,Kyoen,Kyoem,1
ノイキス,Neukis,Norse,1
シルビー,Silvie,Silva,1
ディアンド,Diand,Diablo,1
ハリル,Haril,Faliel,1
ヅバン,Duban,Tzuvan,1
ヘム,Heme,Helm,1
ガスパー,Gaspar,Gaspar,1
マーシャル,Marshall,Rykker,1
ガンラド,Ganrad,Gunner,1
ヨーグ,Yog,Yuug,1
グスタフ,Gustav,Gustav,1
ギョル,Gyeol,Golem,1
ザド,Zado,Zado,1
グインガル,Guingal,Vangal,1
シェルン,Sheln,Cher,1
ヒックス,Hicks,Hikkis,1
カトマンドゥ,Kathmandu,Katmando,1
セーラ,Sarah,Sierra,1
エンドリュー,Endrew,Lone,1
ロック,rock,Rock,1
ヒルダ,Hilda,Hilga,1
ボルガノ,Volgano,Borgon,1
カティス,Katis,Katis,1
ビューネ,Bune,Phylicia,1
ミルティア,Miltia,Milishea,1
クロフォード,Crawford,Crawford,1
ランドルフ,Randolph,Randolph,1
シド,Sid,Saul,1
タウザ,Tauza,Taulus,1
イグラシオ,Igracio,Ogredd,1
リスキーマ,Reschema,Ryskim,1
ハイム,Heim,Vlad,1
シロウ,Shirou,Shirou,1
ハヤテ,Hayate,Hayate,1
ジョシュア,Joshua,Scar,1
オルテガ,Ortega,Ortega,1
キリコ,Chirico,Cinna,1
アイロス,Airos,Ayrios,1
ユニ,Uni,Yuni,1
マニ,Mani,Katt,1
バギ,Bugi,Baghib,1
ラギ,Ragi,Rygar,1
ライザック,Lizak,Raizak,1
シャイア,Shire,Shaia,1
ユイカ,Yuika,Yanna,1
ガリウス,Garius,Garyus,1
メノルカ,Menorca,Bardal,1
トイス,Toys,Tsugal,1
ソフィー,Sophie,Sophie,1
ラ・デリ,La Deli,Presto,1
ホウライ,Horai,Mistal,1
シオン,Zion,Shione,1
バクラ,Bakura,Jackal,1
ジュウベエ,Juubee,Zagat,1
ラインノール,Reinnor,Reiner,1
デュラン,Durand,Duran,1
マノア,Manoa,Manoa,1
グレン,Glen,Gulen,1
リリア,Lilia,Lyria,1
グレイス,Grace,Scythe,1
カルハザード,Cal Hazard,Kharhaz,1
ギデオン,Gideon,Gaul,1
リンク,Link,Link,1
ニーナ,Nina,Nina,1
ソマリオン,Somalion,Galam,1
ロウ,Rowe,Rudger,1
ジュノーン,Junon,Junon,1
ゴンゴス,Gongos,Gongos,1
レオン,Leon,Leon,1
レイナート,Reinert,Reinhart,1
ミカヅキ,Mikazuki,Mikhal,1
ティリス,Tyris,Teiris,1
ゴルダーク,Gordark,Goldark,1
ウェイン,Wayne,Wein,1
ｱﾔﾒ･ﾏﾂﾘ,Ame Manri,Ayame & Matsuri,1
ﾊｰｾﾙﾄﾞ,Hasseld,Harseld,1
ﾙﾌｽ,Rufus,Rufas,1
ｻﾞｯｸ,Backpack,Zakk,1
ｾﾙﾋﾟｱ,Selfia,Sylphia,1
ｽﾃｨｱ,Steer,Fyffer,1
ﾛｸﾞ,Log,Rog,1
ｳﾞｫｲﾄﾞ,Void,Voitt,1
ｷﾞｨﾙﾃ,Guilte,Gilette,1
ｴﾅ,Ena,Enya,1
ﾌｪﾘｰﾅ,Felina,Fern,1
ｸﾚｲﾝ,Crane,Kulien,1
ｿｳｶﾞ,Souga,Stegalt,1
ﾘｳﾞｨｵﾝ,Lion,Livion,1
ｶﾞﾄﾞﾙ,Gaddle,Gator,1
ﾊﾞｰﾗｯﾄ,Barrat,Barat,1
ｻｰﾊﾞｽ,Service,Slythis,1
ｾﾞｳﾀ,Zeuta,Zatai,1
ﾊﾞﾙﾅｰｸ,Balnak,Narrak,1
ｽﾚｲﾄﾞ,Slade,Slate,1
ｼｭﾚｲﾊﾞ,Shreber,Shadow,1
ﾜﾙﾃﾞｽ,Worlds,Gekai,1
ﾗｲﾄﾞｰ,Ride,Raitt,1
ｼﾞﾝ,Gin,Hagar,1
ｲｼｭﾒｰﾙ,Ishimeru,Ishtar,1
ｷﾙﾚｲﾝ,Kilrane,Kilrein,1
ﾌｫｰﾘｽ,Foris,Farilis,1
ｱﾚｲｸ,Arake,Alex,1
ﾌｨｰﾅ,Finer,Fiina,1
ﾒｱ,Mare,Mea,1
ﾘｭｳｼﾞﾝ,Ryujin,Ryujin,1
ﾏﾄﾞﾙｸ,Madruk,Madruk,1
ﾗﾑﾀﾞ,Lambda,Ramda,1
ﾆｰﾙ,Neil,Neil,1
ﾊﾞﾗﾄﾞ,Balad,Barat,1
ﾙｰﾍﾞﾝｽ,Rubens,Ruix,1
ﾏﾙﾁﾅ,Multina,Marina,1
ﾏｸﾞﾗｰﾄﾞ,Maglad,Phylla,1
ｼｪﾗｻｰﾄﾞ,Sheller Sard,Saharzad,1
ﾍﾙﾒｽ,Hermes,Paine,1
ｺﾞﾙﾃﾞｨｱｽ,Gordias,Agonni,1
ｷﾞｭﾝﾄ,Gunto,Grudar,1
ｱﾄｷﾝｽ,Atkins,Atakin,1
ﾄﾞｸﾛﾄｳ,Dokuroto,Skull,1
ﾊﾟﾝﾀﾘｵﾝ,Pantalion,Bastion,1
ｸﾞﾙｰﾀﾞｰ,Grunder,Gruder,1
ﾍﾞﾙﾀｰﾅ,Beltana,Veltarna,1
ﾕﾘｼｽ,Ulysses,Yuri,1
ｾﾞﾉﾝ,Zenon,Zanon,1
ﾊﾞﾆﾗ,Vanilla,Varshyl,1
ﾆｶﾙﾓ,Nikarmo,Nyvkall,1
ﾊﾟｰｼﾙ,Persill,Piper,1
ﾗｲｵｰﾈ,Rione,Laine,1
ﾐﾚｰﾇ,Milene,Mileen,1
ｴﾘｰﾇ,Erine,Erin,1
ﾊｶﾞﾈ,Hagan,Hagane,1
ﾈﾙｿﾝ,Nelson,Nelson,1
ｾﾙｼﾞｵ,Cellgio,Viper,1
ﾊﾞｸﾞﾌｨｰ,Baggie,Bagril,1
ｱｲｰｼｬ,Aisha,Aisha,1
ﾀｲﾚﾙ,Tyrell,Talon,1
ｻﾀｰﾅ,Satana,Santana,1
ｷﾞｶﾞ,Giga,Gigg,1
ｼﾞｬﾛﾑ,Jarom,Ardor,1
ｳﾘﾙ,Uril,Uryll,1
ｷｯﾄﾞ,Kid,Kidd,1
ﾗﾑｾﾞｲ,Ramsey,Ramzal,1
ｷﾞｾﾞﾙﾀﾞｰｸ,Gizel Dark,Gyzzdark,1
ﾉｰﾏﾘｨ,Nomary,Wriph,1
ﾐｭﾘｱ,Muriah,Myria,1
ｺﾊｸ,Amber,Kodiak,1
ﾀﾞｲﾝ,Dyne,Dayn,1
ｻﾔｶ,Sayaka,Sayaka,1
ﾗﾝｾﾂ,Lanset,Sliver,1
ｸﾓﾝ,Kumon,Kumonn,1
ｷｮｳｴﾝ,Kyouen,Kyoem,1
ﾉｲｷｽ,Neux,Norse,1
ｼﾙﾋﾞｰ,Silvie,Silva,1
ﾃﾞｨｱﾝﾄﾞ,Dear and,Diablo,1
ﾊﾘﾙ,Haril,Faliel,1
ﾂﾞﾊﾞﾝ,Tsuban,Tzuvan,1
ﾍﾑ,Heme,Helm,1
ｶﾞｽﾊﾟｰ,Gasper,Gaspar,1
ﾏｰｼｬﾙ,Marshall,Rykker,1
ｶﾞﾝﾗﾄﾞ,Ganrad,Gunner,1
ﾖｰｸﾞ,Neg,Yuug,1
ｸﾞｽﾀﾌ,Gustav,Gustav,1
ｷﾞｮﾙ,Gyor,Golem,1
ｻﾞﾄﾞ,Zado,Zado,1
ｸﾞｲﾝｶﾞﾙ,Gingal,Vangal,1
ｼｪﾙﾝ,Sherun,Cher,1
ﾋｯｸｽ,Hix,Hikkis,1
ｶﾄﾏﾝﾄﾞｩ,Catmand,Katmando,1
ｾｰﾗ,Sera,Sierra,1
ｴﾝﾄﾞﾘｭｰ,Endry,Lone,1
ﾛｯｸ,Rock,Rock,1
ﾋﾙﾀﾞ,Hilda,Hilga,1
ﾎﾞﾙｶﾞﾉ,Volgano,Borgon,1
ｶﾃｨｽ,Katiss,Katis,1
ﾋﾞｭｰﾈ,View,Phylicia,1
ﾐﾙﾃｨｱ,Miltia,Milishea,1
ｸﾛﾌｫｰﾄﾞ,Croford,Crawford,1
ﾗﾝﾄﾞﾙﾌ,Landolf,Randolph,1
ｼﾄﾞ,Sid,Saul,1
ﾀｳｻﾞ,Town,Taulus,1
ｲｸﾞﾗｼｵ,Iglacio,Ogredd,1
ﾘｽｷｰﾏ,Risker,Ryskim,1
ﾊｲﾑ,High,Vlad,1
ｼﾛｳ,White,Shirou,1
ﾊﾔﾃ,Hate,Hayate,1
ｼﾞｮｼｭｱ,Joshua,Scar,1
ｵﾙﾃｶﾞ,Ortega,Ortega,1
ｷﾘｺ,Chirico,Cinna,1
ｱｲﾛｽ,Airos,Ayrios,1
ﾕﾆ,Uni,Yuni,1
ﾏﾆ,Mani,Katt,1
ﾊﾞｷﾞ,Bagi,Baghib,1
ﾗｷﾞ,Ragi,Rygar,1
ﾗｲｻﾞｯｸ,Rizak,Raizak,1
ｼｬｲｱ,Shire,Shaia,1
ﾕｲｶ,Yuika,Yanna,1
ｶﾞﾘｳｽ,Garius,Garyus,1
ﾒﾉﾙｶ,Minorca,Bardal,1
ﾄｲｽ,Toys,Tsugal,1
ｿﾌｨｰ,Sophie,Sophie,1
ﾗ･ﾃﾞﾘ,La Deli,Presto,1
ﾎｳﾗｲ,Howley,Mistal,1
ｼｵﾝ,Sion,Shione,1
ﾊﾞｸﾗ,Bakura,Jackal,1
ｼﾞｭｳﾍﾞｴ,Juve,Zagat,1
ﾗｲﾝﾉｰﾙ,Line Noll,Reiner,1
ﾃﾞｭﾗﾝ,Duran,Duran,1
ﾏﾉｱ,Manoa,Manoa,1
ｸﾞﾚﾝ,Glen,Gulen,1
ﾘﾘｱ,Lilia,Lyria,1
ｸﾞﾚｲｽ,Grace,Scythe,1
ｶﾙﾊｻﾞｰﾄﾞ,Cal Hazard,Kharhaz,1
ｷﾞﾃﾞｵﾝ,Gideon,Gaul,1
ﾘﾝｸ,Link,Link,1
ﾆｰﾅ,Nina,Nina,1
ｿﾏﾘｵﾝ,Somalion,Galam,1
ﾛｳ,Row,Rudger,1
ｼﾞｭﾉｰﾝ,Junon,Junon,1
ｺﾞﾝｺﾞｽ,Gongos,Gongos,1
ﾚｵﾝ,Leon,Leon,1
ﾚｲﾅｰﾄ,Late,Reinhart,1
ﾐｶﾂﾞｷ,Mikanoki,Mikhal,1
ﾃｨﾘｽ,Tirisu,Teiris,1
ｺﾞﾙﾀﾞｰｸ,Goldark,Goldark,1
ｳｪｲﾝ,Wayne,Wein,1
塔,Tower,Tower,1
影の塔,Shadow Tower,Shadow Tower,1
雪の神殿,Temple of snow,Snow Shrine,1
岬の神殿,Cape temple,Cape Shrine,1
森の神殿,Forest temple,Forest Shrine,1
魔の塔,Devil's Tower,Fiend Tower,1
メリウェル城,Meriwell Castle,Maryware Castle,1
オインツ城,Oints Castle,Ogrekeep Castle,1
アイネス城,INES Castle,Estonia Castle,1
ミケラル城,Michelal Castle,Mikeral Castle,1
ニケラル城,Nikeral Castle,Nikeral Castle,1
トランバン城,Trang Bang Castle,Travan Castle,1
アンビ城,Ambi Castle,Starfall Castle,1
ガーラン城,Garlan Castle,Crystal Castle,1
ソプニカ城,Sopnica Castle,Sophnyk Castle,1
デルユード城,Del Ude Castle,Blazart Castle,1
サーディア城,Sadia Castle,Sardia Castle,1
ロウラン城,Laurent Castle,Roguewar Castle,1
ガスペール城,Gaspar Castle,Gasparl Castle,1
ライトニア城,Lightnia Castle,Lightan Castle,1
アグニウス城,Agnius Castle,Stalwart Castle,1
デイナン城,Dainan Castle,Danyan Castle,1
ロイヤル城,Royal castle,Royal Castle,1
エターナル城,Eternal Castle,Eternal Castle,1
エルメント城,Elment Castle,Magicka Castle,1
クレストア城,Cresta Castle,Claystal Castle,1
オーヴイエ城,Auvie Castle,Orvue Castle,1
ジーナ城,Gina Castle,Ginan Castle,1
ブラッドリィ城,Bradley Castle,Bloodly Castle,1
ヒロイック城,Heroic Castle,Stoic Castle,1
ディード城,Deed Castle,Daiden Castle,1
ガーフィール城,Garfir Castle,Galfiel Castle,1
トリスタン城,Tristan Castle,Tristan Castle,1
ボザック城,Bossack Castle,Bozack Castle,1
トパーズ城,Topaz Castle,Topaz Castle,1
トラッドノア城,Trad Noah Castle,Tradnor Castle,1
イズモ城,Izumo Castle,Izumo Castle,1
ムーンパレス城,Moon Palace Castle,Palemoon Castle,1
ファンダリア城,Fundaria Castle,Fandaria Castle,1
ハイランド城,Highland Castle,Highland Castle,1
ﾄｳ,Tow,Tow,1
ｶｹﾞﾉﾄｳ,Kanoto,Kanoto,1
ﾕｷﾉｼﾝﾃﾞﾝ,Ukinosinden,Ukinosinden,1
ﾐｻｷﾉｼﾝﾃﾞﾝ,Misaki no Shinden,Misaki no Shinden,1
ﾓﾘﾉｼﾝﾃﾞﾝ,Morino Shinden,Morino Shinden,1
ﾊﾏﾉﾄｳ,Hamanoto,Hamanoto,1
ﾒﾘｳｪﾙ,Meriwell,Maryware,1
ｵｲﾝﾂ,Oin',Ogrekeep,1
ｱｲﾈｽ,INES,Estonia,1
ﾐｹﾗﾙ,Miral,Mikeral,1
ﾆｹﾗﾙ,Natural,Nikeral,1
ﾄﾗﾝﾊﾞﾝ,Tramban,Traven,1
ｱﾝﾋﾞ,Ambi,Starfall,1
ｶﾞｰﾗﾝ,Garlan,Crystal,1
ｿﾌﾟﾆｶ,Sopnica,Sophnik,1
ﾃﾞﾙﾕｰﾄﾞ,Del mode,Blazart,1
ｻｰﾃﾞｨｱ,Sardia,Sardia,1
ﾛｳﾗﾝ,Rowlan,Roguewar,1
ｶﾞｽﾍﾟｰﾙ,Gaspar,Gasparl,1
ﾗｲﾄﾆｱ,Litenia,Lightan,1
ｱｸﾞﾆｳｽ,Agnius,Stalwart,1
ﾃﾞｲﾅﾝ,Dyna,Danyan,1
ﾛｲﾔﾙ,Royal,Royal,1
ｴﾀｰﾅﾙ,Eternal,Eternal,1
ｴﾙﾒﾝﾄ,Elment,Magicka,1
ｸﾚｽﾄｱ,Crestor,Claystal,1
ｵｰｳﾞｲｴ,Ovie,Orvue,1
ｼﾞｰﾅ,Jeana,Ginan,1
ﾌﾞﾗｯﾄﾞﾘｨ,Bloody,Bloodly,1
ﾋﾛｲｯｸ,Heroic,Stoic,1
ﾃﾞｨｰﾄﾞ,Deed,Daiden,1
ｶﾞｰﾌｨｰﾙ,Garfield,Galfiel,1
ﾄﾘｽﾀﾝ,Tristan,Tristan,1
ﾎﾞｻﾞｯｸ,Bossack,Bozack,1
ﾄﾊﾟｰｽﾞ,Topaz,Topaz,1
ﾄﾗｯﾄﾞﾉｱ,Trad Noah,Tradnor,1
ｲｽﾞﾓ,Ismo,Izumo,1
ﾑｰﾝﾊﾟﾚｽ,Moon Palace,Palemoon,1
ﾌｧﾝﾀﾞﾘｱ,Fundaria,Fandaria,1
ﾊｲﾗﾝﾄﾞ,Highland,Highland,1
ｲﾝｼﾞｭﾘｰ,Injury,Injured,1
ﾌﾟﾘｽﾞﾅｰ,Prisoner,Captive,1
ﾉｰﾏﾙ,Normal,Normal,1
ﾃｨｱﾏｯﾄ,Tiamat,Astral Dragon,1
ｸﾞﾚｰﾄﾄﾞﾗｺﾞﾝ,Great dragon,Great Dragon,1
ﾊﾞﾊﾑｰﾄ,Bahamut,Blood Dragon,1
ﾚｯｻｰﾄﾞﾗｺﾞﾝ,Lesser dragon,Razor Dragon,1
ﾄﾞﾗｺﾞﾝ,Dragon,Dragon,1
ｳﾞｧﾝﾊﾟｲｱ,Vampire,Vampire,1
ｻｷｭﾊﾞｽ,Succubus,Succubus,1
?????,?????,,0
ﾋﾞｰｽﾄﾏｽﾀｰ,Beast Master,Beast Master,1
ﾋﾞｰｽﾄｷﾝｸﾞ,Beast King,Beast King,1
ﾋﾞｰｽﾄﾛｰﾄﾞ,Beast load,Beast Lord,1
ﾋﾞｰｽﾄﾏﾝ,Beastman,Beast,1
ﾊﾞｰﾊﾞﾘｱﾝ,Barbarian,Barbarian,1
ﾏｽﾀｰｼｰﾌ,Master thief,Racketeer,1
ﾛｰｸﾞﾘｰﾀﾞｰ,Log leader,Marauder,1
ﾊﾞﾝﾃﾞｯﾄ,Bandit,Highwayman,1
ｼｰﾌ,Thief,Thief,1
ﾛ-ｸﾞ,Log,Rogue,1
ｾｰｼﾞﾏｽﾀｰ,Sage master,Saint,1
ｾｰｼﾞ,Sage,Arch Bishop,1
ﾋﾞｼｮｯﾌﾟ,Bishop,Bishop,1
ﾊｲﾌﾟﾘｰｽﾄ,Hyperist,High Priest,1
ﾌﾟﾘｰｽﾄ,Priest,Priest,1
ﾊﾞﾄﾙﾏｽﾀｰ,Battle Master,Arch Monk,1
ﾏｽﾀｰﾓﾝｸ,Master monk,Kung Fucius,1
ｸﾝﾌｰﾏｽﾀｰ,Kung Fu Master,Kungfu Master,1
ｺﾏﾝﾄﾞ,Command,,1
ﾚﾝｼﾞｬｰ,Ranger,,1
ｼｬﾄﾞｳﾏｽﾀｰ,Shadow Master,Shadow Lord,1
ﾆﾝｼﾞｬﾏｽﾀｰ,Ninja Master,Arch Ninja,1
ﾊｲﾆﾝｼﾞｬ,Ninja,High Ninja,1
ｱｻｼﾝ,Assassin,Assassin,1
ﾆﾝｼﾞｬ,Ninja,Ninja,1
ｻﾑﾗｲﾏｽﾀｰ,Samurai Master,Samurai Lord,1
ｹﾝｺﾞｳ,Kengou,Blood Samurai,1
ｼﾊﾝﾀﾞｲ,Shihandai,High Samurai,1
ｻﾑﾗｲ,Samurai,Samurai,1
ｽﾛｳﾆﾝ,Slow Nin,Shogun,1
ﾏｼﾞｯｸﾏｽﾀｰ,Magic Master,Magic Lord,1
ｱｰｸﾒｲｼﾞ,Ark Mage,Necromancer,1
ｳｲｻﾞｰﾄﾞ,Wizard,Illusionist,1
ｿｰｻﾗ-,Sosara-,Sorcerer,1
ﾏｼﾞｼｬﾝ,Magician,Magician,1
ｻﾓﾝﾏｽﾀｰ,Sammon Star,Summon Lord,1
ﾛｰﾄﾞﾏﾝｻｰ,Roadmancer,Spirit Master,1
ｻﾓﾅ-,Samona-,Summoner,1
ﾄﾞﾙｲﾄﾞ,Druid,Druid,1
ｼｬ-ﾏﾝ,Sha-man,Shaman,1
ﾅｲﾄﾏｽﾀｰ,Night master,Spirit User,1
ﾊﾟﾗﾃﾞｨﾝ,Paladin,Paladin,1
ｼﾙﾊﾞｰﾅｲﾄ,Silver Night,Silver Knight,1
ﾎﾜｲﾄﾅｲﾄ,White Knight,White Knight,1
ﾅｲﾄ,Night,Knight,1
ｿｰﾄﾞﾏｽﾀｰ,Sword Master,Blademaster,1
ﾊｲﾗﾝﾀﾞｰ,British longhair,Highlander,1
ｳｫｰﾘｱｰ,Warrior,Warrior,1
ｿ-ﾄﾞﾏﾝ,Swordsman,Swordsman,1
ﾌｧｲﾀｰ,Fighter,Fighter,1
ｴﾝﾍﾟﾗｰ,Emperor,Emperor,1
ｽﾀｰﾛｰﾄﾞ,Star Road,Star Lord,1
ﾊｲﾛｰﾄﾞ,Hirodo,High Lord,1
ﾛｰﾄﾞ,Road,Lord,1
ｼﾞｪﾈﾗﾙ,General,General,1
ティアマット,Tiamat,Astral Dragon,1
グレートドラゴン,Great dragon,Great Dragon,1
バハムート,Bahamut,Blood Dragon,1
レッサードラゴン,Lesser dragon,Razor Dragon,1
ドラゴン,Dragon,Dragon,1
ヴァンパイア,Vampire,Vampire,1
サキュバス,Succubus,Succubus,1
？？？？？,?? ?? ?? ?? ??,,0
ビーストマスター,Beast Master,Beast Master,1
ビーストキング,Beast King,Beast King,1
ビーストロード,Beast Road,Beast Lord,1
ビーストマン,Beastman,Beast,1
バーバリアン,Barbarian,Barbarian,1
マスターシーフ,Master thief,Racketeer,1
ローグリーダー,Rogue leader,Marauder,1
バンデット,Bandit,Highwayman,1
シーフ,Thief,Thief,1
ローグ,Rogue,Rogue,1
セージマスター,Sage master,Saint,1
セージ,Sage,Arch Bishop,1
ビショップ,Bishop,Bishop,1
ハイプリースト,High priest,High Priest,1
プリースト,Priest,Priest,1
バトルマスター,Battle master,Arch Monk,1
マスターモンク,Master monk,Kung Fucius,1
クンフーマスター,Kung Fu Master,Kungfu Master,1
コマンド,command,Officer,1
レンジャー,Ranger,Ranger,1
シャドウマスター,Shadow Master,Shadow Lord,1
ニンジャマスター,Ninja Master,Arch Ninja,1
ハイニンジャ,High Ninja,High Ninja,1
アサシン,Assassin,Assassin,1
ニンジャ,Ninja,Ninja,1
サムライマスター,Samurai Master,Samurai Lord,1
ケンゴウ,Kengo,Blood Samurai,1
シハンダイ,Shihandai,High Samurai,1
サムライ,Samurai,Samurai,1
スロウニン,Slownin,Shogun,1
マジックマスター,Magic master,Magic Lord,1
アークメイジ,Ark Mage,Necromancer,1
ウイザード,wizard,Illusionist,1
ソーサラー,Sorcerer,Sorcerer,1
マジシャン,magician,Magician,1
サモンマスター,Summon Master,Summon Lord,1
ロードマンナー,Roadmanner,Spirit Master,1
サモナー,Summoner,Summoner,1
ドルイド,Druid,Druid,1
シャーマン,Shaman,Shaman,1
ナイトマスター,Night master,Spirit User,1
パラディン,Paladin,Paladin,1
シルバーナイト,Silver night,Silver Knight,1
ホワイトナイト,White knight,White Knight,1
ナイト,Night,Knight,1
ソードマスター,Sword Master,Blademaster,1
ハイランダー,Highlander,Highlander,1
ウォーリアー,Warrior,Warrior,1
ソードマン,Swordsman,Swordsman,1
ファイター,Fighter,Fighter,1
エンペラー,Emperor,Emperor,1
スターロード,Star Road,Star Lord,1
ハイロード,High road,High Lord,1
ロード,Load,Lord,1
ジェネラル,general,General,1
大守,Taishou,Officer,1
師団長,Division leader,Leader,1
武将,Warlord,Warlord,1
ｿﾞﾝﾋﾞ,Zombie,Zombie,1
ﾄﾞﾗｺﾞﾆｱ,Dragonia,Dragon,1
ﾋﾞｰｽﾄ,Beast,Beast,1
ﾊｰﾋﾟｰ,Harpy,Harpy,1
ﾓﾝｸ,Monk,Monk,1
ｱｰﾁｬｰ,Archer,Archer,1
ｱｼｶﾞﾙ,Ashigal,Samurai,1
ﾒｲｼﾞ,Mage,Mage,1
ﾎ-ｽﾏﾝ,Hossman,Cavalry,1
ｿﾙｼﾞｬ-,SoulJa-,Soldier,1
-----,-----,,0
ゾンビ,zombie,Zombie,1
ドラゴニア,Dragonia,Dragon,1
ビースト,Beast,Beast,1
ハーピー,Harpy,Harpy,1
モンク,Monk,Monk,1
アーチャー,Archer,Archer,1
アシガル,Ashigal,Samurai,1
メイジ,Mage,Mage,1
ホースマン,Horseman,Cavalry,1
ソルジャー,Soldier,Soldier,1
ーーーーー,--------,,0
トリスタン,Tristan,Tristan,1
ボザック,Bossack,Bozack,1
トパーズ,Topaz,Topaz,1
トラッドノア,Trad Noah,Tradnor,1
イズモ,Izumo,Izumo,1
ムーンパレス,Moon Palace,Palemoon,1
ファンダリア,Fundaria,Fandaria,1
ハイランド,Highland,Highland,1
ﾓﾝｽﾀｰ,Monster,Monster,1
ｿ-ｻﾗ-,So-Sara-,,1
ｻﾓﾅｰ,Samon-kun,,1
ｷﾝｸﾞ,King,,1
ﾀﾞﾐｰ,Dummy,Dummy,1
ｿﾆｯｸﾌﾞｰﾒﾗﾝ,Sonic boomerang,Sonic Boomerang,1
ﾒﾀﾓﾙﾌｫｰｾﾞ,Metamorphose,Summon Guardian,1
ﾌｧﾝﾀｽﾞﾑ,Phantasm,Phantasm,1
ﾐﾗｰｼﾞｭｽﾀｰ,Mirajuster,Mirage Star,1
ﾎｰﾘｰｼｰﾙﾄﾞ,Holly shield,Holy Shield,1
ﾘｻﾞﾚｸｼｮﾝ,Resurrection,Resurrect,1
ｻﾓﾝﾄﾞﾗｺﾞﾝ,Sun Dragon,Summon Dragon,1
ｻﾓﾝﾜｲﾊﾞｰﾝ,Sam Wyvern,Summon Wyvern,1
ｻﾓﾝﾃﾞｰﾓﾝ,Daemon,Ensnare,1
ｺｰﾙｵﾌﾞﾃﾞｽ,Call of dess,Summon Reaper,1
ｻﾓﾝｺﾞｯﾄﾞ,Samongod,Thor's Fist,1
ｻﾓﾝｴﾝｼﾞｪﾙ,San Angel,Summon Angel,1
ｺﾞｰﾚﾑ,Golem,Summon Golem,1
ｳﾝﾃﾞｨｰﾈ,Undine,Trident's Daughter,1
ｼﾙﾌｨｰﾄﾞ,Silpheed,Wind Dancer,1
ｻﾗﾏﾝﾀﾞｰ,Salamander,Dante's Inferno,1
ﾄﾞﾗｺﾞﾝﾗｯｼｭ,Dragon Rush,Dragon Rush,1
ｸﾛｽﾗｯｼｭ,Crosslash,Cross Rush,1
ﾄﾞﾗｺﾞﾝｽﾋﾟﾝ,Dragon spin,Dragon Spin,1
ｽｶｲﾄﾞﾗｲﾊﾞｰ,Skid driver,Sky Driver,1
ﾄﾞﾗｺﾞﾝｸﾛｽ,Dragon Cross,Dragon Cross,1
ｿｰﾄﾞｽﾗｯｼｭ,Sword slash,Sword Rush,1
ｹﾞｲﾙﾌﾞﾚｰﾄﾞ,Gail blade,Gale Blast,1
ｸﾛｽﾌﾗｯｼｭ,Cross flash,Cross Flash,1
ﾎｰﾘｰﾌﾞﾗｽﾄ,Holly blast,Holy Blast,1
ﾌｪｱﾘｰﾚｲ,Fairy Ray,Dark Vortex,1
ﾃﾞｯﾄﾞﾘｰﾚｲ,Deadly Ray,Solar Flare,1
ｼｰﾌﾞｽﾀﾞｶﾞｰ,Sheaves Dagger,Shiva's Dagger,1
ｱｻｼﾝﾀﾞｶﾞｰ,Assassin Dagger,Assassin's Star,1
ﾄﾞﾗｺﾞﾝｿﾆｯｸ,Dragon sonic,Sonic Dragon,1
ｿﾆｯｸﾌﾞﾚｽﾄ,Sonic Breast,Sonic Blast,1
ｿﾆｯｸｳｪｰﾌﾞ,Sonic Wave,Sonic Wave,1
ｿﾆｯｸﾌﾞｰﾑ,Sonic boom,Sonic Boom,1
ﾒﾃｵｽﾄｰﾑ,Meteor Storm,Meteor Storm,1
ｻﾝﾀﾞｰﾌｫｰﾙ,Thunderfor,Thunder Fall,1
ﾌﾛｯｶﾞｰﾎﾞﾑ,Flogger bomb,Reptile Cannon,1
ｵｰﾗｼｭｰﾄ,Aura Shoot,Aura Assault,1
ﾌﾚｲﾑｷｬﾉﾝ,Frame Cannon,Flame Cannon,1
ﾒｶﾞﾄﾙﾈｰﾄﾞ,Megatorned,Mega Tornado,1
ﾊｲﾊﾟｰｽﾄｰﾑ,Hyperstorm,Hyper-Storm,1
ｶﾞｲｱﾌﾞﾚｲｸ,Guy break,Stone Pedestal,1
ｱｰｽｸｴｲｸ,Earth Quake,Quagmire,1
両武将,Both warlords,All Gen,1
敵全軍,All enemy army,All Foe,1
敵武将,Enemy warlord,Foe Gen,1
全兵士,All soldiers,All Men,1
敵兵士,Enemy soldier,Foe Men,1
自兵士,Own soldier,Our Men,1
8ﾉ;,8 no;,,0
8ﾉ;,8 no;,,0
偉;,Wei;,,0
ﾀﾌ;,Tough;,,0
ﾀﾈ;,Seed;,,0
pﾈ;,p ﾈ;,,0
ﾘﾈ;,Lineage;,,0
ﾉ;,No;,,0
ﾈ;, ﾈ;,,0
ｰﾍ;,-He;,,0
ﾎ;,E;,,0
hﾎ;,h ho;,,0
夷;,夷;,,0
ﾎ;,E;,,0
夷;,夷;,,0
ﾘﾎ;,Reho;,,0
靜;,靜;,,0
`ﾏ;,`Ma;,,0
ｿﾞﾝﾋﾞ,Zombie,Zombie,1
ﾄﾞﾗｺﾞﾆｱ,Dragonia,Dragon,1
ﾋﾞｰｽﾄ,Beast,Beast,1
ﾊｰﾋﾟｰ,Harpy,Harpy,1
ﾓﾝｸ,Monk,Monk,1
ｱｰﾁｬｰ,Archer,Archer,1
ｱｼｶﾞﾙ,Ashigal,Samurai,1
ﾒｲｼﾞ,Mage,Mage,1
ﾎｰｽﾏﾝ,Horseman,Cavalry,1
ｿﾙｼﾞｬｰ,Soldier,Soldier,1
功労者,Meritorious person,,1
%3d   %3d   %3d,% 3d% 3d% 3d,,0
あり,can be,,1
なし,none,None,1
%3d年%3d月%2d週の戦果,% 3d Year% 3d Month% 2d Week Results,Y:%3d M:%3d W:%2d,1
戦績     戦    勝    敗,Battle record Battle victory or defeat,Battles  Fought Won  Lost,1
功績          総功績,Achievement Total Achievement,Merits:         Merits:,1
総勲章数,Total number of medals,,1
で ぇ た,Deta,Data,1
いべんと,Event,Event,1
記    録,record,Archives,1
勢力地図,Power map,Map,1
内政終了,End of domestic affairs,End,1
内政実行,Domestic affairs execution,Domestic,1
%4u年%2u月%1u週,% 4u years% 2u months% 1u weeks,Y:%4u M:%2u W:%1u,0
%s帝国,%s Empire,,1
%s王国,%s Kingdom,Kingdom %s,1
君主: %s,Monarch:%s,,1
総武将数,Total number of warlords,Generals,1
%3d人,%3d People,%3d,1
総城数,Total number of castles,Castles,1
%2d個,% 2d,%2d,0
総戦闘数    %4d回,Battles    %4d,Battles:    %4d,1
総勝利数    %4d回,Total number of wins% 4d times,Won:        %4d,1
総敗北数    %4d回,Total number of defeats% 4d times,Lost:       %4d,1
終    了,end,End,1
築    城,Castle,Fortify,1
探    索,Search,Search,1
武将情報,Military commander information,Generals,1
武将会見,Military commander interview,Audience,1
アイテム,item,Items,1
勲章授与,Awarding a medal,Awards,1
取り消し,cancel,Cancel,1
所属  %s,Affiliation% s,Affiliation  %s,1
フリー,free,Free,1
君主  %s,Monarch% s,Monarch  %s,1
太守  %s,Taishou% s,Taishou  %s,1
規模  ﾚﾍﾞﾙ %d,Scale level% d,Raise Level %d,1
武将  %3d/%-3d 人,Warlords% 3d /% -3d people,Warlord  %3d/%-3d,1
兵士  %3d/%-3d 人,Soldier% 3d /% -3d people,Soldier   %3d/%-3d,1
捕虜      %3d 人,POW% 3d people,Captives %3d,1
所属    空    城,Affiliation Sky Castle,Affiliation Castle,1
君主    な    し,Monarch,Monarch,1
太守    な    し,Taishou,,1
武将  ---/%-3d 人,Warlords --- /%-3d people,Generals  ---/%-3d,1
兵士  ---/%-3d 人,Soldier --- /%-3d people,Soldiers  ---/%-3d,1
捕虜      --- 人,POWs --- People,Captives,1
ﾆｭｳｲﾝﾏﾁ,New Win Machi,,1
ﾊﾝﾗﾝ,Hanran,,1
ﾆｭｳｲﾝ,New Win,,1
ﾎﾘｮﾏﾁ,Holly Machi,,1
ﾎﾘｮ,Holly,,1
ｿﾝｻﾞｲ,Sonsai,,1
ｶｸﾚ,Kakure,,1
ﾐﾄｳﾛｸ,Mitouroku,,1
ｶﾝｾﾞﾝｼｮｳﾒﾂ,Kanzenshomen,,1
ﾀｲｼｭ,Taishu,,1
ｼﾀﾞﾝﾁｮｳ,Shidancho,,1
ｲｯﾊﾟﾝﾌﾞｼｮｳ,Ippanbusho,,1
NAME %3d:%s,NAME% 3d:% s,,0
SEX     :%s,SEX:% s,,0
MALE,MALE,,0
FEMALE,FEMALE,,0
STATUS  :%s,STATUS:% s,,0
HOSP    :%d,HOSP:% d,,0
CLASS   :%s,CLASS:% s,,0
JOB     :%s,JOB:% s,,0
KING %3d:%s,KING% 3d:% s,,0
LOCATE  :%s,LOCATE:% s,,0
FACE    :%d,FACE:% d,,0
HP   %3d:%3d/%d,HP% 3d:% 3d /% d,,0
MP      :%3d/%d,MP:% 3d /% d,,0
ATKP    :%d,ATKP:% d,,0
DEFP    :%d,DEFP:% d,,0
ESCP    :%d,ESCP:% d,,0
LEADP   :%d,LEADP:% d,,0
INT     :%d,INT:% d,,0
CHUSEIP :%d,CHUSEIP:% d,,0
WIN     :%3d/%d,WIN:% 3d /% d,,0
LOST    :%3d/%d,LOST:% 3d /% d,,0
LEVEL   :%d,LEVEL:% d,,0
EXP     :%5d/%d,EXP:% 5d /% d,,0
NAISEI  :%02x,NAISEI:% 02x,,0
:%2d %3d,:% 2d% 3d,,0
---------------,---------------,,0
%s,% s,,0
"FATKP : %d,%d,%d","FATKP:% d,% d,% d",,0
終  了,end,End,1
武将リストに戻る,Return to the military commander list,Return to Commanders,1
ｿﾞﾝﾋﾞ,Zombie,Zombie,1
ﾄﾞﾗｺﾞﾆｱ,Dragonia,Dragon,1
ﾋﾞｰｽﾄ,Beast,Beast,1
ﾊｰﾋﾟｰ,Harpy,Harpy,1
ﾓﾝｸ,Monk,Monk,1
ｱｰﾁｬｰ,Archer,Archer,1
ｱｼｶﾞﾙ,Ashigal,Samurai,1
ﾒｲｼﾞ,Mage,Mage,1
ﾎｰｽﾏﾝ,Horseman,Cavalry,1
ｿﾙｼﾞｬｰ,Soldier,Soldier,1
戦功一覧表,War merit list,Merits,1
残勲章数 %3d,Number of remaining medals% 3d,Remaing Medals %3d,1
%3d   %3d   %3d,% 3d% 3d% 3d,,0
あり,can be,,0
なし,none,None,1
%3d,% 3d,,0
なし              0,None 0,,0
総勲章数,Total number of medals,Medals,1
授    与,Awarded,Awarded,1
取り消し,cancel,Cancel,1
:%s,:% s,,0
フリー,free,Free,1
:%d,:% d,,0
功績,Achievement,Achievment,1
総功績   %3d,TotalAchievment   %3d,,1
城での回復が早い,Fast recovery in the castle,,1
凝固時間の短縮,Shortening of coagulation time,,1
最大ＨＰ %3d   %3d,Maximum HP% 3d% 3d,Max ＨＰ %3d   %3d,1
最大ＭＰ %3d   %3d,Maximum MP% 3d% 3d,Max ＭＰ %3d   %3d,1
退院できる,Can be discharged,Discharge,1
ゾンビ雇用可能,Zombies can be hired,Recruit Zombies,1
ドラゴニア雇用可能,Dragonia can be hired,Recruit Dragons,1
ビースト雇用可能,Beast can be hired,Recruit Beasts,1
ハーピー雇用可能,Harpy can be hired,Recruit Harpies,1
モンク雇用可能,Monk can be hired,Recruit Monks,1
アーチャー雇用可能,Archer can be hired,Recruit Archers,1
アシガル雇用可能,Ashigal can be hired,Recruit Samurai,1
メイジ雇用可能,Mage can be hired,Recruit Mage,1
ホースマン雇用可能,Horseman can be hired,Recruit Cavalry,1
ソルジャー雇用可能,Soldier can be hired,Recruit Soldiers,1
忠誠心を上げる,Raise loyalty,Raise Loyalty,1
内政能力 %3d   %3d,Internal affairs ability% 3d% 3d,Affairs %3d   %3d,1
指揮能力 %3d   %3d,Command ability% 3d% 3d,Command %3d   %3d,1
防御力を上げる,Increase defense,Increase Defense,1
攻撃力   %3d   %3d,Attack power% 3d% 3d,Attack   %3d   %3d,1
ＨＰ     %3d   %3d,HP% 3d% 3d,ＨＰ     %3d   %3d,1
兵士     %3d   %3d,Soldier% 3d% 3d,Soldier     %3d   %3d,1
階級     %3d   %3d,Class% 3d% 3d,Class    %3d   %3d,1
城での回復が早い,Fast recovery in the castle,城での回復が早い,1
凝固時間の短縮,Shortening of coagulation time,凝固時間の短縮,1
最大ＨＰを上げる,Increase maximum HP,Increase ＨＰ,1
最大ＭＰを上げる,Increase maximum MP,Increase ＭＰ,1
退院できる,Can be discharged,Discharge,1
ｿﾞﾝﾋﾞ雇用可能,Zombie can be hired,Recruit Zombies,1
ﾄﾞﾗｺﾞﾆｱ雇用可能,Dragonia can be hired,Recruit Dragons,1
ﾋﾞｰｽﾄ雇用可能,Beast employment available,Recruit Beasts,1
ﾊｰﾋﾟｰ雇用可能,Harpy can be hired,Recruit Harpies,1
ﾓﾝｸ雇用可能,Monk can be hired,Recruit Monks,1
ｱｰﾁｬｰ雇用可能,Archer can be hired,Recruit Archers,1
ｱｼｶﾞﾙ雇用可能,Ashigal can be hired,Recruit Samurai,1
ﾒｲｼﾞ雇用可能,Mage can be hired,Recruit Mages,1
ﾎｰｽﾏﾝ雇用可能,Horseman can be hired,Recruit Cavalry,1
ｿﾙｼﾞｬｰ雇用可能,Soldier can be hired,Recruit Soldiers,1
忠誠心を上げる,Raise loyalty,Raise Loyalty,1
内政力を上げる,Raise domestic power,Raise Power,1
指揮能力を上げる,Increase command ability,Raise Command,1
防御力を上げる,Increase defense,,1
攻撃力を上げる,Increase attack power,,1
ＨＰを回復する,Recover HP,,1
兵士を補充する,Replenish soldiers,Recruit Zombies,1
階級を上げる,Raise the rank,Recruit Beasts,1
ゾンビ雇用可能,Zombies can be hired,Recruit Harpies,1
ビースト雇用可能,Beast can be hired,Recruit Monks,1
ハーピー雇用可能,Harpy can be hired,Recruit Samurai,1
モンク雇用可能,Monk can be hired,Recruit Mages,1
アシガル雇用可能,Ashigal can be hired,Recruit Samurai,1
メイジ雇用可能,Mage can be hired,Recruit Mages,1
階級を上げる,Raise Rank,,1
アイテム授与,Award Item,Bestow Item,1
使    用,Use,,1
装    備,Equipment,,1
は ず す,Hazusu,,1
取り消し,cancel,Cancel,1
会見終了,End Audience,End,1
捕虜選択,POW selection,Captives,1
武将選択,Warlord selection,Generals,1
%3d人,% 3d people,%3d,1
武将一覧表,Commanders?,Generals,1
武将数,NumCommanders?,NumCmdr,1
捕虜一覧表,POWs?,Captives,1
捕虜数,NumPrisoners?,NumCaps,1
武将登用,AppointCmdr?,,1
取り消し,cancel,Cancel,1
捕虜武将,POW Cmdr?,,1
武将一覧表,Commanders?,,1
武将数,NumCmdrs?,,1
探  索,Search,,1
武将探索,Warlord search,,1
武将数,Num Military Cmdrs,,1
%3d人,% 3d people,%3d,1
探    索,Search,,1
取り消し,cancel,,1
Lv  %3d,Lv% 3d,,0
%3d,% 3d,,0
築  城,Castle,Fortify,1
築    城,Castle,Fortify,1
取り消し,Cancel,,1
%s,% s,,0
Lv  %3d,Lv% 3d,,0
師団,Division,,1
城,Castle, ,1
・・効果:%s,Effect:% s,Effect:%s,1
POWER:%2d,POWER:% 2d,,0
消費MP:%2d,MP consumption:% 2d,MP Consumption:%2d,1
マドルク,Madruk,,1
フリー,free,Free,1
EXP:%d,EXP:% d,,0
NEXT:%d,NEXT:% d,,0
本体ＲＡＭの空き容量が不十分です。,There is not enough free space in the main unit RAM.,,1
セガサターン本体の保存画面で、,"On the save screen of the Sega Saturn main unit,",,1
いくつかの記録を消してください。,Erase some records.,,1
このゲームの記録に必要な空き容量は,The free space required to record this game,,1
%dブロックです。,%d block.,,1
本体ＲＡＭのバックアップの,Backup of main unit RAM,,1
準備が出来ていません。,I'm not ready.,,1
セガサターン本体の保存画面で、,"On the save screen of the Sega Saturn main unit,",,1
すべての記録を消してください。,Erase all records.,,1
（初期化）,(Initialize),,1
カートリッジの空き容量が不十分です。,There is not enough free space on the cartridge.,,1
セガサターン本体の保存画面で、,"On the save screen of the Sega Saturn main unit,",,1
いくつかの記録を消してください。,Erase some records.,,1
このゲームの記録に必要な空き容量は,The free space required to record this game,,1
%dブロックです。,% d block.,,1
カートリッジＲＡＭのバックアップの,Cartridge RAM backup,,1
準備が出来ていません。,I'm not ready.,,1
セガサターン本体の保存画面で、,"On the save screen of the Sega Saturn main unit,",,1
すべての記録を消してください。,Erase all records.,,1
（初期化）,(Initialize),,1
データの更新が出来ませんでした。,The data could not be updated.,,1
歴史の書%dは使用できません。,History book%d cannot be used.,,1
複写が出来ませんでした。,Could not copy.,,1
なにをなさいますか？,What are you going to do?,,1
史書の作成が終了しました。,The creation of the history book is finished.,,1
史書を作成する場所を,Where to create a history book,,1
選んで下さい。,Please choose.,,1
更新する史書を,History books to be updated,,1
選んで下さい。,Please choose.,,1
史書を更新しました。,The history book has been updated.,,1
史書%dを更新します。,Update history%d.,,1
よろしいですか。,Is it OK.,,1
更新する史書の場所を,The location of the history book to be updated,,1
選んで下さい。,Please choose.,,1
更新できる史書が,History books that can be updated,,1
ありません。,is not.,,1
複写する史書を,History books to copy,,1
選んで下さい。,Please choose.,,1
複写できる史書が,History books that can be copied,,1
ありません。,is not.,,1
データを複写しました。,I copied the data.,,1
複写元の史書の場所を,The location of the original history book,,1
選んで下さい。,Please choose.,,1
複写元の史書を,The history book of the copy source,,1
選んで下さい。,Please choose.,,1
複写先の場所を,The location of the copy destination,,1
選んで下さい。,Please choose.,,1
消去する史書を,History books to be erased,,1
選んで下さい。,Please choose.,,1
消去できる史書がありません。,There is no history book that can be erased.,,1
史書%dを消去します。,Erase history book%d.,,1
よろしいですか。,Is it OK.,,1
データを消去しました。,I erased the data.,,1
消去する史書の場所を,The location of the history book to be erased,,1
選んで下さい。,Please choose.,,1
消去できませんでした。,Could not be erased.,,1
記録を正しく保存することが,To keep records correctly,,1
できませんでした。,I could not do it.,,1
もう一度やり直してください。,Please try again.,,1
このゲームでカートリッジＲＡＭに,In cartridge RAM in this game,,1
作成できるセーブデータは５つです。,You can create 5 save data.,,1
このゲームで本体ＲＡＭに,In the main RAM in this game,,1
作成できるセーブデータは１つです。,Only one save data can be created.,,1
ゲームの記録を保存中です。,The game record is being saved.,,1
電源を切ると記録を正しく,Record correctly when the power is turned off,,1
保存できない恐れがあります。,It may not be saved,,1
十字キーで変更対象を選択し、,Select the change target with the cross key and,,1
Ａで増加、Ｂで減少します。,A increases and B decreases.,,1
Ｒを押していると、8ずつ増加/減少します,Press R to increase / decrease by 8,,1
Ｃを押すと、フラグをON/OFFします。,Press C to turn the flag on / off.,,1
ＳＴＡＲＴを押すと終了します,Press START to finish,,1
師団構成の終端は   にして下さい。,Please end the division composition with.,,1
172,172,,0
却下,Rejected,,1
承認,Approval,,1
出陣を許しますか？,Do you allow me to go out?,,1